title,id,weight,width,height,depth
ROZDZIELNIA ALFA 2S  (5-409) RAL 9003,5-409,"0,15","50,00","140,00","67,00"
ROZDZIELNIA ALFA 2Z  kaseta ster.+ 2 przyciski  (5-410) RAL 9003  MOQ 20 szt,5-410,"1,20","180,00","180,00","100,00"
ROZDZIELNIA ALFA 3 Z ZAMKIEM i SZYBĄ  (5-406),5-406,"0,80","180,00","180,00","100,00"
ROZDZIEL.p.poż z przyciskiem FT22-Kc-01  (5-411),5-411,"0,85","180,00","180,00","100,00"
ROZDZ. p.poż.z rozłącznikiem FR303-100A  (5-412),5-412,"1,05","180,00","180,00","100,00"
ROZDZIELNIA ALFA 4S  (5-408) RAL 9003,5-408,"0,15","87,00","140,00","67,00"
ROZDZIELNIA ALFA 6S  (5-407) RAL 9003,5-407,"0,30","130,00","140,00","67,00"
ROZDZIELNIA Natynkowa ALFA 7S ZAMEK SZYBA (5-405) RAL 9003 IP 44 /Alfa 2Z/,5-405,"0,80","180,00","180,00","100,00"
ROZDZIELNIA NRL 12  (4-282) RAL 9003,4-282,"7,48","310,00","580,00","220,00"
ROZDZIELNIA NRL 12 Z ZAMKIEM  (4-284) RAL 9003,4-284,"7,65","310,00","580,00","220,00"
ROZDZIELNIA NRL 12 Z ZAMKIEM I SZYBĄ  (4-285) RAL 9003,4-285,"7,57","310,00","580,00","220,00"
ROZDZIELNIA NRL 12E  (4-282E) RAL 9003,4-282E,"6,05","310,00","580,00","130,00"
ROZDZIELNIA NRL 12E Z ZAMKIEM (4-284E) RAL 9003,4-284E,"6,09","310,00","580,00","130,00"
ROZDZIELNIA NRL 12E Z ZAMKIEM I SZYBĄ (pod licznik elektroniczny)  (4-285E) RAL 9003,4-285E,"6,15","310,00","580,00","130,00"
ROZDZIELNIA NRL 1F 12 Z ZAMKIEM  (4-262) RAL 9003,4-262,"5,88","310,00","395,00","220,00"
"ROZDZIELNIA NRL 1F 12 Z ZAMKIEM 9081, RAL 9003  MOQ : 10 szt /wycofane/",4-262-9081,"5,90","310,00","395,00","220,00"
ROZDZIELNIA NRL 1F 12 Z ZAMKIEM I SZYBĄ  (4-263) RAL 9003,4-263,"5,86","310,00","395,00","220,00"
"ROZDZIELNIA NRL 1F 12Z ZAMKIEM I SZYBĄ 9081, RAL 9003   MOQ : 10 szt /wycofane/",4-263-9081,"5,92","310,00","395,00","220,00"
ROZDZIELNIA NRL 1F 6  (4-254) RAL 9003,4-254,"5,92","310,00","430,00","220,00"
ROZDZIELNIA NRL 1F 6 WĄSKA  (4-331) RAL 9003,4-331,"5,17","220,00","430,00","220,00"
ROZDZIELNIA NRL 1F 6 WĄSKA Z ZAMKIEM  (4-333) RAL 9003,4-333,"5,31","220,00","430,00","220,00"
ROZDZIELNIA NRL 1F 6 WĄSKA Z ZAMKIEM I SZYBĄ (4-334) RAL 9003,4-334,"5,25","220,00","430,00","220,00"
ROZDZIELNIA NRL 1F 6 WĄSKA POD LICZNIK ELEKTRONICZNY (4-331E) RAL 9003,4-331E,"4,01","220,00","430,00","130,00"
ROZDZIELNIA NRL 1F 6 WĄSKA Z ZAMKIEM POD LICZNIK ELEKTRONICZNY  (4-333E) RAL 9003,4-333E,"4,08","220,00","430,00","130,00"
ROZDZIELNIA NRL 1F 6 WĄSKA Z ZAMKIEM I SZYBĄ POD LICZNIK ELEKTRONICZNY  (4-334E) RAL 9003,4-334E,"4,02","220,00","430,00","130,00"
ROZDZIELNIA NRL 1F 6 Z ZAMKIEM  (4-259) RAL 9003,4-259,"6,10","310,00","395,00","220,00"
ROZDZIELNIA NRL 1F 6 Z ZAMKIEM I SZYBĄ  (4-260) RAL 9003,4-260,"5,86","310,00","395,00","220,00"
ROZDZIELNIA NRL 1F Z ZAMKIEM I SZYBĄ (4-248) RAL 9003,4-248,"3,65","220,00","310,00","220,00"
"ROZDZIELNIA NRL 1F/3F RBK 00, ZMk (KR-35) RAL 9003",4-209,"10,00","490,00","580,00","220,00"
ROZDZIELNIA NRL 24  (4-291) RAL 9003,4-291,"11,55","490,00","580,00","220,00"
ROZDZIELNIA NRL 24 Z ZAMKIEM  (4-293) RAL 9003,4-293,"11,78","490,00","580,00","220,00"
ROZDZIELNIA NRL 24 Z ZAMKIEM I SZYBĄ (4-294) RAL 9003,4-294,"11,39","490,00","580,00","220,00"
ROZDZIELNIA NRL-2L 24 Z ZAMKAMI  (4-325) RAL 9003,4-325,"15,00","620,00","580,00","220,00"
ROZDZIELNIA NRL 2L 24 Z ZAMKIEM I SZYBĄ (4-326) RAL 9003,4-326,"14,56","620,00","580,00","220,00"
ROZDZIELNIA NRL 36 Z ZAMKIEM I SZYBĄ  (4-357) RAL 9003,4-357,"14,05","620,00","580,00","220,00"
ROZDZIELNIA NRL 3F Z ZAMKIEM  (4-266) RAL 9003,4-266,"5,25","310,00","395,00","220,00"
ROZDZIELNIA NRL 3F Z ZAMKIEM I SZYBĄ (4-267) RAL 9003,4-267,"4,89","310,00","395,00","220,00"
"ROZDZIELNIA NRL 3F Z SZYBĄ UNIWERSALNĄ I ZAMKIEM 9081, RAL 9003  MOQ : 18 szt /wycofane/",4-267-9081,"5,12","310,00","395,00","220,00"
ROZDZIELNIA NRL 48 Z ZAMKIEM  (4-311) RAL 9003,4-311,"15,25","620,00","580,00","220,00"
ROZDZIELNIA NRL 48Z ZAMKIEM I SZYBĄ (4-312) RAL 9003,4-312,"15,31","620,00","580,00","220,00"
ROZDZIELNIA NRP 12  (3-212) RAL 9003,3-212,"3,14","310,00","265,00","130,00"
ROZDZIELNIA NRP 12 Z ZAMKIEM  (3-214) RAL 9003,3-214,"3,16","310,00","265,00","130,00"
"ROZDZIELNIA NRP 12 Z ZAMKIEM 9081, RAL 9003    MOQ : 12 szt /wycofane/",3-212-9081,"3,19","310,00","265,00","130,00"
ROZDZIELNIA NRP 12 Z ZAMKIEM I SZYBĄ (3-215) RAL 9003,3-215,"3,07","310,00","265,00","130,00"
ROZDZIELNIA NRP 24  (3-218) RAL 9003,3-218,"4,27","310,00","395,00","130,00"
ROZDZIELNIA NRP 24 BIS Z ZAMKIEM  (3-223) RAL 9003,3-223,"5,27","310,00","395,00","130,00"
ROZDZIELNIA NRP 24 Z ZAMKIEM  (3-220) RAL 9003,3-220,"4,32","310,00","395,00","130,00"
ROZDZIELNIA NRP 24 Z ZAMKIEM I SZYBĄ (3-221) RAL 9003,3-221,"4,33","310,00","395,00","130,00"
ROZDZIELNIA NRP 36  (3-226) RAL 9003,3-226,"5,98","310,00","520,00","130,00"
ROZDZIELNIA NRP 36 BIS Z ZAMKIEM  (3-232) RAL 9003,3-232,"7,92","310,00","520,00","220,00"
ROZDZIELNIA NRP 36 Z ZAMKIEM  (3-228) RAL 9003,3-228,"5,86","310,00","520,00","130,00"
ROZDZIELNIA NRP 36 Z ZAMKIEM I SZYBĄ (3-229) RAL 9003,3-229,"5,57","310,00","520,00","130,00"
ROZDZIELNIA NRP 48B Z ZAMKIEM  (3-238) RAL 9003,3-238,"7,56","310,00","645,00","130,00"
"ROZDZIELNIA NRP 48B ZSZ, RAL 9003 [wycofane]",3-248,"7,55","310,00","645,00","130,00"
ROZDZIELNIA NRP 6 Z ZAMKIEM  (3-207) RAL 9003,3-207,"3,38","310,00","265,00","130,00"
ROZDZIELNIA NRP 6 Z ZAMKIEM I SZYBĄ (3-208)  RAL 9003 /wycofane/,3-208,"3,38","310,00","265,00","130,00"
ROZDZIELNIA NRP 70 Z ZAMKIEM  (3-242) RAL 9003,3-242,"11,12","620,00","520,00","130,00"
ROZDZIELNIA NRP  POD RBK  Z ZAMKIEM I SZYBĄ TŁUKĄCĄ  (3-211) RAL 9003,3-211,"6,62","310,00","395,00","220,00"
ROZDZIELNIA NRP-Z 72 Z ZAMKIEM  (13-194) RAL 9003 /wycofane/,13-194,"11,41","0,00","0,00","0,00"
ROZDZIELNIA NRPsm 120 (5x24) Z ZAMKIEM  (120-5-24-2) RAL 9003,120-5-24-2,"17,35","550,00","905,00","132,00"
ROZDZIELNIA NRPsm 144 (6x24) Z ZAMKIEM  (144-6-24-2) RAL 9003,144-6-24-2,"20,30","550,00","1 055,00","132,00"
ROZDZIELNIA NRPsm 168 (7X24) Z ZAMKIEM  (168-7-24-2) RAL 9003,168-7-24-2,"23,30","550,00","1 205,00","132,00"
ROZDZIELNIA NRPsm 54 (3x18) Z ZAMKIEM  (54-3-18-2) RAL 9003,54-3-18-2,"10,50","440,00","605,00","132,00"
ROZDZIELNIA NRPsm 72 (3x24) Z ZAMKIEM  (72-3-24-2) RAL 9003,72-3-24-2,"15,50","550,00","605,00","132,00"
ROZDZIELNIA NRPsm 72 (4x18) Z ZAMKIEM  (72-4-18-2) RAL 9003,72-4-18-2,"12,10","440,00","755,00","132,00"
ROZDZIELNIA NRPsm 90 (5x18) Z ZAMKIEM  (90-5-18-2) RAL 9003,90-5-18-2,"13,75","440,00","905,00","132,00"
ROZDZIELNIA NRPsm 96 (4x24) Z ZAMKIEM  (96-4-24-2) RAL 9003,96-4-24-2,"14,80","550,00","755,00","132,00"
"ROZDZIELNIA RH 3F12 Z ZAMKIEM I SZYBĄ, RAL 7035",6-740,"10,15","320,00","600,00","210,00"
"ROZDZIELNIA RH 3F24 Z ZAMKIEM, RAL 7035",6-751,"11,50","520,00","400,00","210,00"
"ROZDZIELNIA RH 3F24 Z ZAMKIEM I SZYBĄ, RAL 7035",6-744,"11,50","520,00","400,00","210,00"
ROZDZIELNIA RL 12  (2-080)  RAL 9003,2-080,"5,72","270,00","540,00","210,00"
ROZDZIELNIA RL 12 Z ZAMKIEM  (2-082)  RAL 9003,2-082,"5,76","270,00","540,00","210,00"
ROZDZIELNIA RL 12 Z ZAMKIEM I SZYBĄ (2-083)  RAL 9003,2-083,"5,71","270,00","540,00","210,00"
"Rozdzielna RL 12E pod licznik elektroniczny,  RAL 9003 /wycofane/",2-080E,"4,45","270,00","540,00","120,00"
"Rozdzielnia RL 12E pod licznik elektroniczny, z zamkiem,  RAL 9003",2-082E,"5,20","270,00","540,00","120,00"
"Rozdzielnia RL 12E pod licznik elektroniczny, z zamkiem i szybą,  RAL 9003",2-083E,"4,37","270,00","540,00","120,00"
ROZDZIELNIA RL 1F 12  (2-061)  RAL 9003,2-061,"4,61","180,00","540,00","180,00"
ROZDZIELNIA RL 1F 12 Z ZAMKIEM  RAL 9003,2-062,"4,53","180,00","540,00","180,00"
ROZDZIELNIA RL 1F 12 ZSZ  RAL 9003,2-063,"4,41","180,00","540,00","180,00"
ROZDZIELNIA RL 1F 12 na zatrzask z licznikiem elektronicznym RAL 9003,2-061E,"4,20","180,00","540,00","120,00"
ROZDZIELNIA RL 1F 12 Z ZAMKIEM na licznik elektroniczny RAL 9003,2-062E,"4,25","180,00","540,00","120,00"
ROZDZIELNIA RL 1F 12 Z ZAMKIEM i Szybą na licznik elektroniczny  RAL 9003,2-063E,"4,20","180,00","540,00","120,00"
ROZDZIELNIA RL 1F 6 RAL 9003  (2-057),2-057,"3,81","180,00","430,00","180,00"
ROZDZIELNIA RL 1F 6 Z ZAMKIEM  RAL 9003,2-059,"3,83","180,00","430,00","180,00"
ROZDZIELNIA RL 1F 6 Z ZAMKIEM I SZYBĄ (2-060)  RAL 9003,2-060,"3,74","180,00","430,00","180,00"
ROZDZIELNIA RL 1F 6E POD LICZNIK ELEKTRONICZNY RAL 9003,2-057E,"3,14","180,00","430,00","120,00"
ROZDZIELNIA RL 1F 6E POD LICZNIK ELEKTRONICZNY Z ZAMKIEM  RAL 9003,2-059E,"3,15","180,00","430,00","120,00"
ROZDZIELNIA RL 1F 6E POD LICZNIK ELEKTRONICZNY Z ZAMKIEM I SZYBĄ  RAL 9003,2-060E,"3,02","180,00","430,00","120,00"
"ROZDZIELNIA 1F 7 ""S"" NA LICZNIK ELEKTRONICZNY ZATRZASK, RAL 9003",2-045,"3,17","180,00","430,00","120,00"
"ROZDZIELNIA 1F 7 ""S"" NA LICZNIK ELEKTRONICZNY Z ZAMKIEM I SZYBĄ, RAL 9003",2-002,"3,20","180,00","430,00","120,00"
"ROZDZIELNIA RL 1F/3F RBK 00, ZMk (KR-35) RAL 9003",2-004,"7,00","403,00","503,00","210,00"
ROZDZIELNIA RL 24  (2-086)  RAL 9003,2-086,"7,91","400,00","500,00","210,00"
"ROZDZIELNIA RL 24 Z ZAMKIEM,  RAL 9003",2-088,"7,97","400,00","500,00","210,00"
ROZDZIELNIA RL 24 Z ZAMKIEM I SZYBĄ (2-089)  RAL 9003,2-089,"7,84","400,00","500,00","210,00"
ROZDZIELNIA RL 2L 1F 12 Z ZAMKIEM  (2-106) RAL 9003,2-106,"6,80","365,00","430,00","210,00"
ROZDZIELNIA RL 2L 1F 12 Z ZAMKIEM I SZYBĄ (2-107)  RAL 9003,2-107,"6,68","365,00","430,00","210,00"
"ROZDZIELNIA RL-2L 24,  RAL 9003",2-119,"10,10","545,00","540,00","210,00"
"ROZDZIELNIA RL-2L 24 Z ZAMKIEM,  RAL 9003",2-121,"10,27","545,00","540,00","210,00"
ROZDZIELNIA RL-2L 24 Z ZAMKIEM I SZYBĄ RAL 9003,2-122,"10,10","545,00","540,00","210,00"
"ROZDZIELNIA RL 36 Z ZAMKIEM,  RAL 9003",2-159,"10,73","545,00","540,00","210,00"
ROZDZIELNIA RL 36 Z ZAMKIEM I SZYBĄ RAL 9003,2-003,"10,74","545,00","540,00","210,00"
ROZDZIELNIA RL 3F Z ZAMKIEM I SZYBĄ  RAL 9003 /wycofane/,2-067,"3,97","270,00","370,00","210,00"
ROZDZIELNIA NRL 12E Z ZAMKIEM I SZYBĄ (pod licznik elektroniczny)  (4-285E) RAL 9003,4-285E,"6,15","310,00","580,00","130,00"
ROZDZIELNIA NRL 1F 12 Z ZAMKIEM  (4-262) RAL 9003,4-262,"5,88","310,00","395,00","220,00"
"ROZDZIELNIA NRL 1F 12 Z ZAMKIEM 9081, RAL 9003  MOQ : 10 szt /wycofane/",4-262-9081,"5,90","310,00","395,00","220,00"
ROZDZIELNIA NRL 1F 12 Z ZAMKIEM I SZYBĄ  (4-263) RAL 9003,4-263,"5,86","310,00","395,00","220,00"
"ROZDZIELNIA NRL 1F 12Z ZAMKIEM I SZYBĄ 9081, RAL 9003   MOQ : 10 szt /wycofane/",4-263-9081,"5,92","310,00","395,00","220,00"
ROZDZIELNIA NRL 1F 6  (4-254) RAL 9003,4-254,"5,92","310,00","430,00","220,00"
ROZDZIELNIA NRL 1F 6 WĄSKA  (4-331) RAL 9003,4-331,"5,17","220,00","430,00","220,00"
ROZDZIELNIA NRL 1F 6 WĄSKA Z ZAMKIEM  (4-333) RAL 9003,4-333,"5,31","220,00","430,00","220,00"
ROZDZIELNIA NRL 1F 6 WĄSKA Z ZAMKIEM I SZYBĄ (4-334) RAL 9003,4-334,"5,25","220,00","430,00","220,00"
ROZDZIELNIA NRL 1F 6 WĄSKA POD LICZNIK ELEKTRONICZNY (4-331E) RAL 9003,4-331E,"4,01","220,00","430,00","130,00"
ROZDZIELNIA NRL 1F 6 WĄSKA Z ZAMKIEM POD LICZNIK ELEKTRONICZNY  (4-333E) RAL 9003,4-333E,"4,08","220,00","430,00","130,00"
ROZDZIELNIA NRL 1F 6 WĄSKA Z ZAMKIEM I SZYBĄ POD LICZNIK ELEKTRONICZNY  (4-334E) RAL 9003,4-334E,"4,02","220,00","430,00","130,00"
ROZDZIELNIA NRL 1F 6 Z ZAMKIEM  (4-259) RAL 9003,4-259,"6,10","310,00","395,00","220,00"
ROZDZIELNIA NRL 1F 6 Z ZAMKIEM I SZYBĄ  (4-260) RAL 9003,4-260,"5,86","310,00","395,00","220,00"
ROZDZIELNIA NRL 1F Z ZAMKIEM I SZYBĄ (4-248) RAL 9003,4-248,"3,65","220,00","310,00","220,00"
"ROZDZIELNIA NRL 1F/3F RBK 00, ZMk (KR-35) RAL 9003",4-209,"10,00","490,00","580,00","220,00"
ROZDZIELNIA NRL 24  (4-291) RAL 9003,4-291,"11,55","490,00","580,00","220,00"
ROZDZIELNIA NRL 24 Z ZAMKIEM  (4-293) RAL 9003,4-293,"11,78","490,00","580,00","220,00"
ROZDZIELNIA NRL 24 Z ZAMKIEM I SZYBĄ (4-294) RAL 9003,4-294,"11,39","490,00","580,00","220,00"
ROZDZIELNIA NRL-2L 24 Z ZAMKAMI  (4-325) RAL 9003,4-325,"15,00","620,00","580,00","220,00"
ROZDZIELNIA NRL 2L 24 Z ZAMKIEM I SZYBĄ (4-326) RAL 9003,4-326,"14,56","620,00","580,00","220,00"
ROZDZIELNIA NRL 36 Z ZAMKIEM I SZYBĄ  (4-357) RAL 9003,4-357,"14,05","620,00","580,00","220,00"
ROZDZIELNIA NRL 3F Z ZAMKIEM  (4-266) RAL 9003,4-266,"5,25","310,00","395,00","220,00"
ROZDZIELNIA NRL 3F Z ZAMKIEM I SZYBĄ (4-267) RAL 9003,4-267,"4,89","310,00","395,00","220,00"
"ROZDZIELNIA NRL 3F Z SZYBĄ UNIWERSALNĄ I ZAMKIEM 9081, RAL 9003  MOQ : 18 szt /wycofane/",4-267-9081,"5,12","310,00","395,00","220,00"
ROZDZIELNIA NRL 48 Z ZAMKIEM  (4-311) RAL 9003,4-311,"15,25","620,00","580,00","220,00"
ROZDZIELNIA NRL 48Z ZAMKIEM I SZYBĄ (4-312) RAL 9003,4-312,"15,31","620,00","580,00","220,00"
ROZDZIELNIA NRP 12  (3-212) RAL 9003,3-212,"3,14","310,00","265,00","130,00"
ROZDZIELNIA NRP 12 Z ZAMKIEM  (3-214) RAL 9003,3-214,"3,16","310,00","265,00","130,00"
"ROZDZIELNIA NRP 12 Z ZAMKIEM 9081, RAL 9003    MOQ : 12 szt /wycofane/",3-212-9081,"3,19","310,00","265,00","130,00"
ROZDZIELNIA NRP 12 Z ZAMKIEM I SZYBĄ (3-215) RAL 9003,3-215,"3,07","310,00","265,00","130,00"
ROZDZIELNIA NRP 24  (3-218) RAL 9003,3-218,"4,27","310,00","395,00","130,00"
ROZDZIELNIA NRP 24 BIS Z ZAMKIEM  (3-223) RAL 9003,3-223,"5,27","310,00","395,00","130,00"
ROZDZIELNIA NRP 24 Z ZAMKIEM  (3-220) RAL 9003,3-220,"4,32","310,00","395,00","130,00"
ROZDZIELNIA NRP 24 Z ZAMKIEM I SZYBĄ (3-221) RAL 9003,3-221,"4,33","310,00","395,00","130,00"
ROZDZIELNIA NRP 36  (3-226) RAL 9003,3-226,"5,98","310,00","520,00","130,00"
ROZDZIELNIA NRP 36 BIS Z ZAMKIEM  (3-232) RAL 9003,3-232,"7,92","310,00","520,00","220,00"
ROZDZIELNIA NRP 36 Z ZAMKIEM  (3-228) RAL 9003,3-228,"5,86","310,00","520,00","130,00"
ROZDZIELNIA NRP 36 Z ZAMKIEM I SZYBĄ (3-229) RAL 9003,3-229,"5,57","310,00","520,00","130,00"
ROZDZIELNIA NRP 48B Z ZAMKIEM  (3-238) RAL 9003,3-238,"7,56","310,00","645,00","130,00"
"ROZDZIELNIA NRP 48B ZSZ, RAL 9003 [wycofane]",3-248,"7,55","310,00","645,00","130,00"
ROZDZIELNIA NRP 6 Z ZAMKIEM  (3-207) RAL 9003,3-207,"3,38","310,00","265,00","130,00"
ROZDZIELNIA NRP 6 Z ZAMKIEM I SZYBĄ (3-208)  RAL 9003 /wycofane/,3-208,"3,38","310,00","265,00","130,00"
ROZDZIELNIA NRP 70 Z ZAMKIEM  (3-242) RAL 9003,3-242,"11,12","620,00","520,00","130,00"
ROZDZIELNIA NRP  POD RBK  Z ZAMKIEM I SZYBĄ TŁUKĄCĄ  (3-211) RAL 9003,3-211,"6,62","310,00","395,00","220,00"
ROZDZIELNIA NRP-Z 72 Z ZAMKIEM  (13-194) RAL 9003 /wycofane/,13-194,"11,41","0,00","0,00","0,00"
ROZDZIELNIA NRPsm 120 (5x24) Z ZAMKIEM  (120-5-24-2) RAL 9003,120-5-24-2,"17,35","550,00","905,00","132,00"
ROZDZIELNIA NRPsm 144 (6x24) Z ZAMKIEM  (144-6-24-2) RAL 9003,144-6-24-2,"20,30","550,00","1 055,00","132,00"
ROZDZIELNIA NRPsm 168 (7X24) Z ZAMKIEM  (168-7-24-2) RAL 9003,168-7-24-2,"23,30","550,00","1 205,00","132,00"
ROZDZIELNIA NRPsm 54 (3x18) Z ZAMKIEM  (54-3-18-2) RAL 9003,54-3-18-2,"10,50","440,00","605,00","132,00"
ROZDZIELNIA NRPsm 72 (3x24) Z ZAMKIEM  (72-3-24-2) RAL 9003,72-3-24-2,"15,50","550,00","605,00","132,00"
ROZDZIELNIA NRPsm 72 (4x18) Z ZAMKIEM  (72-4-18-2) RAL 9003,72-4-18-2,"12,10","440,00","755,00","132,00"
ROZDZIELNIA NRPsm 90 (5x18) Z ZAMKIEM  (90-5-18-2) RAL 9003,90-5-18-2,"13,75","440,00","905,00","132,00"
ROZDZIELNIA NRPsm 96 (4x24) Z ZAMKIEM  (96-4-24-2) RAL 9003,96-4-24-2,"14,80","550,00","755,00","132,00"
"ROZDZIELNIA RH 3F12 Z ZAMKIEM I SZYBĄ, RAL 7035",6-740,"10,15","320,00","600,00","210,00"
"ROZDZIELNIA RH 3F24 Z ZAMKIEM, RAL 7035",6-751,"11,50","520,00","400,00","210,00"
"ROZDZIELNIA RH 3F24 Z ZAMKIEM I SZYBĄ, RAL 7035",6-744,"11,50","520,00","400,00","210,00"
ROZDZIELNIA RL 12  (2-080)  RAL 9003,2-080,"5,72","270,00","540,00","210,00"
ROZDZIELNIA RL 12 Z ZAMKIEM  (2-082)  RAL 9003,2-082,"5,76","270,00","540,00","210,00"
ROZDZIELNIA RL 12 Z ZAMKIEM I SZYBĄ (2-083)  RAL 9003,2-083,"5,71","270,00","540,00","210,00"
"Rozdzielna RL 12E pod licznik elektroniczny,  RAL 9003 /wycofane/",2-080E,"4,45","270,00","540,00","120,00"
"Rozdzielnia RL 12E pod licznik elektroniczny, z zamkiem,  RAL 9003",2-082E,"5,20","270,00","540,00","120,00"
"Rozdzielnia RL 12E pod licznik elektroniczny, z zamkiem i szybą,  RAL 9003",2-083E,"4,37","270,00","540,00","120,00"
ROZDZIELNIA RL 1F 12  (2-061)  RAL 9003,2-061,"4,61","180,00","540,00","180,00"
ROZDZIELNIA RL 1F 12 Z ZAMKIEM  RAL 9003,2-062,"4,53","180,00","540,00","180,00"
ROZDZIELNIA RL 1F 12 ZSZ  RAL 9003,2-063,"4,41","180,00","540,00","180,00"
ROZDZIELNIA RL 1F 12 na zatrzask z licznikiem elektronicznym RAL 9003,2-061E,"4,20","180,00","540,00","120,00"
ROZDZIELNIA RL 1F 12 Z ZAMKIEM na licznik elektroniczny RAL 9003,2-062E,"4,25","180,00","540,00","120,00"
ROZDZIELNIA RL 1F 12 Z ZAMKIEM i Szybą na licznik elektroniczny  RAL 9003,2-063E,"4,20","180,00","540,00","120,00"
ROZDZIELNIA RL 1F 6 RAL 9003  (2-057),2-057,"3,81","180,00","430,00","180,00"
ROZDZIELNIA RL 1F 6 Z ZAMKIEM  RAL 9003,2-059,"3,83","180,00","430,00","180,00"
ROZDZIELNIA RL 1F 6 Z ZAMKIEM I SZYBĄ (2-060)  RAL 9003,2-060,"3,74","180,00","430,00","180,00"
ROZDZIELNIA RL 1F 6E POD LICZNIK ELEKTRONICZNY RAL 9003,2-057E,"3,14","180,00","430,00","120,00"
ROZDZIELNIA RL 1F 6E POD LICZNIK ELEKTRONICZNY Z ZAMKIEM  RAL 9003,2-059E,"3,15","180,00","430,00","120,00"
ROZDZIELNIA RL 1F 6E POD LICZNIK ELEKTRONICZNY Z ZAMKIEM I SZYBĄ  RAL 9003,2-060E,"3,02","180,00","430,00","120,00"
"ROZDZIELNIA 1F 7 ""S"" NA LICZNIK ELEKTRONICZNY ZATRZASK, RAL 9003",2-045,"3,17","180,00","430,00","120,00"
"ROZDZIELNIA 1F 7 ""S"" NA LICZNIK ELEKTRONICZNY Z ZAMKIEM I SZYBĄ, RAL 9003",2-002,"3,20","180,00","430,00","120,00"
"ROZDZIELNIA RL 1F/3F RBK 00, ZMk (KR-35) RAL 9003",2-004,"7,00","403,00","503,00","210,00"
ROZDZIELNIA RL 24  (2-086)  RAL 9003,2-086,"7,91","400,00","500,00","210,00"
"ROZDZIELNIA RL 24 Z ZAMKIEM,  RAL 9003",2-088,"7,97","400,00","500,00","210,00"
ROZDZIELNIA RL 24 Z ZAMKIEM I SZYBĄ (2-089)  RAL 9003,2-089,"7,84","400,00","500,00","210,00"
ROZDZIELNIA RL 2L 1F 12 Z ZAMKIEM  (2-106) RAL 9003,2-106,"6,80","365,00","430,00","210,00"
ROZDZIELNIA RL 2L 1F 12 Z ZAMKIEM I SZYBĄ (2-107)  RAL 9003,2-107,"6,68","365,00","430,00","210,00"
"ROZDZIELNIA RL-2L 24,  RAL 9003",2-119,"10,10","545,00","540,00","210,00"
"ROZDZIELNIA RL-2L 24 Z ZAMKIEM,  RAL 9003",2-121,"10,27","545,00","540,00","210,00"
ROZDZIELNIA RL-2L 24 Z ZAMKIEM I SZYBĄ RAL 9003,2-122,"10,10","545,00","540,00","210,00"
"ROZDZIELNIA RL 36 Z ZAMKIEM,  RAL 9003",2-159,"10,73","545,00","540,00","210,00"
ROZDZIELNIA RL 36 Z ZAMKIEM I SZYBĄ RAL 9003,2-003,"10,74","545,00","540,00","210,00"
ROZDZIELNIA RL 3F Z ZAMKIEM I SZYBĄ  RAL 9003 /wycofane/,2-067,"3,97","270,00","370,00","210,00"
Beta Light 32U-800x800 drzwi pełne  Ral 7035,19-2018BETAL-32U-88-S-DP,"90,00","800,00","1 600,00","800,00"
Beta Light 32U-800x800 drzwi perforowane  Ral 7035,19-2019BETAL-32U-88-S-DPRF,"90,00","800,00","1 600,00","800,00"
Beta Light 32U-800x800 drzwi szyba  Ral 7035,19-2020BETAL-32U-88-S-DS,"94,00","800,00","1 600,00","800,00"
Beta Light 38U-600x600 drzwi pełne  Ral 7035,19-2021BETAL-38U-66-S-DP,"76,00","600,00","1 866,00","600,00"
Beta Light 38U-600x600 drzwi perforowane Ral 7035,19-2022BETAL-38U-66-S-DPRF,"76,00","600,00","1 866,00","600,00"
Beta Light 38U-600x600 drzwi szyba  Ral 7035,19-2023BETAL-38U-66-S-DS,"79,00","600,00","1 866,00","600,00"
Beta Light 38U-600x800 drzwi pełne  Ral 7035,19-2024BETAL-38U-68-S-DP,"85,00","600,00","1 866,00","800,00"
Beta Light 38U-600x800 drzwi perforowane  Ral 7035,19-2025BETAL-38U-68-S-DPRF,"85,00","600,00","1 866,00","800,00"
Beta Light 38U-600x800 drzwi szyba  Ral 7035,19-2026BETAL-38U-68-S-DS,"89,00","600,00","1 866,00","800,00"
Beta Light 38U-800x800 drzwi pełne  Ral 7035,19-2027BETAL-38U-88-S-DP,"100,00","800,00","1 866,00","800,00"
Beta Light 38U-800x800 drzwi perforowane  Ral 7035,19-2028BETAL-38U-88-S-DPRF,"100,00","800,00","1 866,00","800,00"
Beta Light 38U-800x800 drzwi szyba  Ral 7035,19-2029BETAL-38U-88-S-DS,"105,00","800,00","1 866,00","800,00"
Beta Light 42U-600x600 drzwi pełne  Ral 7035,19-2030BETAL-42U-66-S-DP,"80,00","600,00","2 030,00","600,00"
Beta Light 42U-600x600 drzwi perforowane  Ral 7035,19-2031BETAL-42U-66-S-DPRF,"80,00","600,00","2 030,00","600,00"
Beta Light 42U-600x600 drzwi szyba  Ral 7035,19-2032BETAL-42U-66-S-DS,"84,00","600,00","2 030,00","600,00"
Beta Light 42U-600x800 drzwi pełne  Ral 7035,19-2033BETAL-42U-68-S-DP,"92,00","600,00","2 030,00","800,00"
Beta Light 42U-600x800 drzwi perforowane Ral 7035,19-2034BETAL-42U-68-S-DPRF,"92,00","600,00","2 030,00","800,00"
Beta Light 42U-600x800 drzwi szyba  Ral 7035,19-2035BETAL-42U-68-S-DS,"96,00","600,00","2 030,00","800,00"
Beta Light 42U-800x800 drzwi pełne  Ral 7035,19-2036BETAL-42U-88-S-DP,"105,00","800,00","2 030,00","800,00"
Beta Light 42U-800x800 drzwi perforowane  Ral 7035,19-2037BETAL-42U-88-S-DPRF,"105,00","800,00","2 030,00","800,00"
Beta Light 42U-800x800 drzwi szyba  Ral 7035,19-2038BETAL-42U-88-S-DS,"111,00","800,00","2 030,00","800,00"
"Szafa wisząca 19"" 6U/400mm drzwi przeszklone otwierane boki RAL 7035",19-BOCK-019-060-400-S,"0,00","602,00","328,00","400,00"
"Szafa wisząca 19"" 6U/600mm drzwi przeszklone otwierane boki RAL 9005",19-BOCK-019-060-600-C,"0,00","602,00","328,00","600,00"
"Szafa wisząca 19"" 6U/600mm drzwi przeszklone otwierane boki RAL 7035",19-BOCK-019-060-600-S,"0,00","602,00","328,00","600,00"
"Szafa wisząca 19"" 9U/400mm drzwi przeszklone otwierane boki RAL 9005",19-BOCK-019-090-400-C,"0,00","602,00","470,00","400,00"
"Szafa wisząca 19"" 9U/400mm drzwi przeszklone otwierane boki RAL 7035",19-BOCK-019-090-400-S,"0,00","602,00","470,00","400,00"
"Szafa wisząca 19"" 9U/600mm drzwi przeszklone otwierane boki RAL 9005",19-BOCK-019-090-600-C,"0,00","602,00","470,00","600,00"
"Rama montażowa typu Duplex19"" 32U, 550x710, RAL 9005",19-4001DUPLEX19-32U-C,"33,00","540,00","1 600,00","650,00"
"Rama montażowa typu Duplex19"" 32U, 550x710, RAL 7035",19-4002DUPLEX19-32U-S,"33,00","540,00","1 600,00","650,00"
"Rama montażowa 19"" DUPLEX 42U szer.550 x głę. 710mm RAL 9005",19-4003DUPLEX19-42U-C,"38,00","540,00","2 030,00","650,00"
"Rama montażowa 19"" DUPLEX 42U szer.550 x głę. 710mm RAL 7035",19-4004DUPLEX19-42U-S,"38,00","540,00","2 030,00","650,00"
"Rama montażowa typu Duplex19"" 45U, 550x711, RAL 9005",19-4005DUPLEX19-45U-C,"40,00","540,00","2 170,00","650,00"
"Rama montażowa typu Duplex19"" 45U, 550x711, RAL 7035",19-4006DUPLEX19-45U-S,"40,00","540,00","2 170,00","650,00"
"Rama montażowa typu Simplex19"" 32U, 550x710, RAL 9005",19-4007SIMPLEX19-32U-C,"20,00","540,00","1 580,00","650,00"
"Rama montażowa typu Simplex19"" 32U, 550x710 7035",19-4008SIMPLEX19-32U-S,"20,00","540,00","1 580,00","650,00"
"Rama montażowa typu Simplex19""42u, 550x710",19-4009SIMPLEX19-42U-C,"24,00","540,00","2 030,00","650,00"
"Rama montażowa typu Simplex19"" 42U, 550x710 7035",19-4010SIMPLEX19-42U-S,"23,00","540,00","2 030,00","650,00"
"Rama montażowa typu Simplex19"" 45U, 550x711, RAL 9005",19-4011SIMPLEX19-45U-C,"24,00","540,00","2 170,00","650,00"
"Rama montażowa typu Simplex19"" 45U, 550x711, RAL 7035",19-4012SIMPLEX19-45U-S,"23,00","540,00","2 170,00","650,00"
"Szafa wisząca 19"" 12Ux600x400 mm IP 20, ściany boczne otwierane, drzwi z szybą, RAL 7035 (szary) /wycofane/",19-5003SIDE-O19-12U-40-DS-S,"25,00","617,00","660,00","428,00"
"Szafa wisząca 19"" 15Ux600x400 mm IP 20, ściany boczne otwierane, drzwi z szybą, RAL 9005 (czarny) /wycofane/",19-5010SIDE-O19-15U-40-DS-C,"28,00","617,00","790,00","428,00"
"Szafa wisząca 19"" 6Ux600x600 mm IP 20, ściany boczne otwierane, drzwi pełne, RAL 7035 (szary) /wycofane/",19-5030SIDE-O19-6U-60-DP-S,"21,00","617,00","396,00","628,00"
"Szafa wisząca 19"" 6Ux600x600 mm IP 20, ściany boczne otwierane, drzwi z szybą, RAL 9005 (czarny) /wycofane/",19-5031SIDE-O19-6U-60-DS-C,"21,00","617,00","396,00","628,00"
"Szafa wisząca 19"" 6Ux600x600 mm IP 20, ściany boczne otiwerane, drzwi z szybą, RAL 7035 (szary) /wycofane/",19-5032SIDE-O19-6U-60-DS-S,"21,00","617,00","396,00","628,00"
"Szafa wisząca 19"" 9Ux600x400 mm IP 20, ściany boczne otwierane, drzwi z szybą, RAL 9005 (czarny) /wycofane/",19-5035SIDE-O19-9U-40-DS-C,"21,00","617,00","531,00","428,00"
"Szafa wisząca 19"" 9Ux600x400 mm IP 20, ściany boczne otwierane, drzwi z szybą, RAL 7035 (szary) /wycofane/",19-5036SIDE-O19-9U-40-DS-S,"21,00","617,00","531,00","428,00"
"Szafa wisząca 19"" 9Ux600x600 mm IP 20, ściany boczne otwierane, drzwi z szybą, RAL 7035 (szary) /wycofane/",19-5040SIDE-O19-9U-60-DS-S,"27,00","617,00","531,00","628,00"
"Szafa wisząca 19"" 12Ux600x600 mm IP 20, ściany boczne otwierane, drzwi z szyba, RAL 9005 (czarny) /wycofane/",19-5047SIDE-O-D19-12U-60-DS-C,"37,00","617,00","666,00","780,00"
"Szafa wisząca SIMPLE 19"" 12Ux555x400 mm  IP 20, ściany boczne pełne, drzwi pełne RAL 7035",19-8000SZWS-19-12U-40-DP,"18,00","555,00","595,00","400,00"
"Szafa wisząca SIMPLE 19"" 12Ux555x400 mm IP 20, ściany boczne pełne, drzwi z szybą RAL 7035",19-8001SZWS-19-12U-40-DS,"18,00","555,00","595,00","400,00"
"Szafa wisząca SIMPLE 19"" 12Ux555x600 mm IP 20, ściany boczne pełne, drzwi pełne RAL 7035",19-8002SZWS-19-12U-60-DP,"23,00","555,00","595,00","600,00"
"Szafa wisząca SIMPLE 19"" 12Ux555x600 mm IP 20, ściany boczne pełne, drzwi z szybą RAL 7035",19-8003SZWS-19-12U-60-DS,"23,00","555,00","595,00","600,00"
"Szafa wisząca SIMPLE 19"" 3Ux555x400 mm IP 20, ściany boczne pełne, drzwi pełne RAL 7035",19-8004SZWS-19-3U-40-DP,"7,00","555,00","152,00","400,00"
"Szafa wisząca SIMPLE 19"" 4Ux555x400 mm IP 20, ściany boczne pełne, drzwi pełne RAL 7035",19-8005SZWS-19-4U-40-DP,"10,00","555,00","239,00","400,00"
"Szafa wisząca SIMPLE 19"" 4Ux555x400 mm IP 20, ściany boczne pełne, drzwi z szybą RAL 7035",19-8006SZWS-19-4U-40-DS,"10,00","555,00","239,00","400,00"
"Szafa wisząca SIMPLE 19"" 6Ux555x400 mm IP 20, ściany boczne pełne, drzwi pełne RAL 7035",19-8007SZWS-19-6U-40-DP,"12,00","555,00","328,00","400,00"
"Szafa wisząca SIMPLE 19"" 6Ux555x400 mm IP 20, ściany boczne pełne, drzwi z szybą RAL 7035",19-8008SZWS-19-6U-40-DS,"12,00","555,00","328,00","400,00"
"Szafa wisząca SIMPLE 19"" 6Ux555x600 mm IP 20, ściany boczne pełne, drzwi pełne RAL 7035",19-8009SZWS-19-6U-60-DP,"16,00","555,00","328,00","600,00"
"Szafa wisząca SIMPLE 19"" 6Ux555x600 mm IP 20, ściany boczne pełne, drzwi z szybą RAL 7035",19-8010SZWS-19-6U-60-DS,"16,00","555,00","328,00","600,00"
"Szafa wisząca SIMPLE 19"" 9Ux555x400 mm IP 20, ściany boczne pełne, drzwi pełne RAL 7035",19-8011SZWS-19-9U-40-DP,"15,00","555,00","470,00","400,00"
"Szafa wisząca SIMPLE 19"" 9Ux555x400 mm IP 20, ściany boczne pełne, drzwi z szybą RAL 7035",19-8012SZWS-19-9U-40-DS,"15,00","555,00","470,00","400,00"
"Szafa wisząca SIMPLE 19"" 9Ux555x600 mm IP 20, ściany boczne pełne, drzwi pełne RAL 7035",19-8013SZWS-19-9U-60-DP,"20,00","555,00","470,00","600,00"
"Szafa wisząca SIMPLE 19"" 9Ux555x600 mm IP 20, ściany boczne pełne, drzwi z szybą RAL 7035",19-8014SZWS-19-9U-60-DS,"20,00","555,00","470,00","600,00"
Cokół betonowy do szaf Streetbox o wymiarach 1200x600,19-COK-BET-126,"0,00","1 200,00","1 000,00","550,00"
Cokół betonowy do szaf Streetbox o wymiarach 1200x800,19-COK-BET-128,"0,00","1 200,00","1 000,00","750,00"
Cokół betonowy do szaf Streetbox o wymiarach 1400x600,19-COK-BET-146,"0,00","1 400,00","1 000,00","550,00"
Cokół betonowy do szaf Streetbox o wymiarach 1400x800,19-COK-BET-148,"0,00","1 400,00","1 000,00","750,00"
Cokół betonowy do szaf Streetbox o wymiarach 600x600,19-COK-BET-66,"0,00","600,00","1 000,00","550,00"
Cokół betonowy do szaf Streetbox o wymiarach 800x600,19-COK-BET-86,"0,00","800,00","1 000,00","550,00"
Cokół betonowy do szaf Streetbox o wymiarach 800x800,19-COK-BET-88,"0,00","800,00","1 000,00","750,00"
Cokół ze stali nierdzewnej do szaf Streetbox o wymiarach 1200x600,19-COK-ST-126,"0,00","1 200,00","1 000,00","550,00"
Cokół ze stali nierdzewnej do szaf Streetbox o wymiarach 1200x800,19-COK-ST-128,"0,00","1 200,00","1 000,00","750,00"
Cokół ze stali nierdzewnej do szaf Streetbox o wymiarach 1400x600,19-COK-ST-146,"0,00","1 400,00","1 000,00","550,00"
Cokół ze stali nierdzewnej do szaf Streetbox o wymiarach 1400x800,19-COK-ST-148,"0,00","1 400,00","1 000,00","750,00"
Cokół ze stali nierdzewnej do szaf Streetbox o wymiarach 600x600,19-COK-ST-66,"0,00","600,00","1 000,00","550,00"
Cokół ze stali nierdzewnej do szaf Streetbox o wymiarach 600x800,19-COK-ST-68,"0,00","600,00","1 000,00","550,00"
Cokół ze stali nierdzewnej do szaf Streetbox o wymiarach 800x800,19-COK-ST-88,"0,00","800,00","1 000,00","750,00"
"Szafa wisząca 19"" 9Ux600x400 mm IP 54, ściany boczne pełne, drzwi pełne, zewnetrzna, RAL 7035",19-6035SWK19-9U-40-DP-Z,"20,00","600,00","470,00","400,00"
"Szafa wisząca 19"" 9Ux600x400 mm IP 54, ściany boczne pełne, drzwi z szybą, wewnętrzna, RAL 7035",19-6036SWK19-9U-40-DS-W,"20,20","600,00","470,00","400,00"
"Szafa wisząca 19"" 9Ux600x400 IP 54, ściany boczne pełne, drzwi z szybą, zewnętrzna, RAL 7035",19-6037SWK19-9U-40-DS-Z,"20,20","600,00","470,00","400,00"
"Szafa wisząca 19"" 9Ux600x600 mm IP 54, ściany boczne pełne, drzwi pełne, wewnętrzna, RAL 7035",19-6038SWK19-9U-60-DP-W,"25,00","600,00","470,00","600,00"
"Szafa wisząca 19"" 9Ux600x600 mm IP 54, ściany boczne pełne, drzwi pełne, zewnętrzna, RAL 7035",19-6039SWK19-9U-60-DP-Z,"25,00","600,00","470,00","600,00"
"Szafa wisząca 19"" 9Ux600x600 mm IP 54, ściany boczne pełne, drzwi z szybą, wewnętrzna, RAL 7035",19-6040SWK19-9U-60-DS-W,"25,50","600,00","470,00","600,00"
"Szafa wisząca 19"" 9Ux600x600 IP 54, ściany boczne pełne, drzwi z szybą, zewnętrzna, RAL 7035",19-6041SWK19-9U-60-DS-Z,"25,50","600,00","470,00","600,00"
"Szafa wisząca dwudzielna 19"" 12U, 600x400+150 IP 54, ściany boczne pełne, drzwi pełne, wewnętrzna, RAL 7035",19-6042SWKD19-12U-40-DP-W,"45,00","600,00","605,00","550,00"
"Szafa wisząca dwudzielna 19"" 12U, 600x400+150 IP 54, ściany boczne pełne, drzwi pełne, zewnętrzna, RAL 7035",19-6043SWKD19-12U-40-DP-Z,"18,00","600,00","605,00","550,00"
"Szafa wisząca dwudzielna 19"" 12U, 600x400+150 IP 54, ściany boczne pełne, drzwi z szybą, wewnętrzna, RAL 7035",19-6044SWKD19-12U-40-DS-W,"45,00","600,00","605,00","550,00"
"Szafa wisząca dwudzielna 19"" 12U, 600x400+150 IP 54, ściany boczne pełne, drzwi z szybą, zewnętrzna, RAL 7035",19-6045SWKD19-12U-40-DS-Z,"18,00","600,00","605,00","550,00"
"Szafa wisząca dwudzielna 19"" 12U, 600x600+150 IP 54, ściany boczne pełne, drzwi pełne, wewnętrzna, RAL 7035",19-6046SWKD19-12U-60-DP-W,"48,00","600,00","605,00","750,00"
"Szafa wisząca dwudzielna 19"" 12U, 600x600+150 IP 54, ściany boczne pełne, drzwi pełne, zewnętrzna, RAL 7035",19-6047SWKD19-12U-60-DP-Z,"19,00","600,00","605,00","750,00"
"Szafa wisząca dwudzielna 19"" 12U, 600x600+150 IP 54, ściany boczne pełne, drzwi z szybą, wewnętrzna, RAL 7035",19-6048SWKD19-12U-60-DS-W,"48,00","600,00","605,00","750,00"
"Szafa wisząca dwudzielna 19"" 12U, 600x600+150 IP 54, ściany boczne pełne, drzwi z szybą, zewnętrzna, RAL 7035",19-6049SWKD19-12U-60-DS-Z,"19,00","600,00","605,00","750,00"
"Szafa wisząca dwudzielna 19"" 15U, 600x400+150 IP 54, ściany boczne pełne, drzwi pełne, wewnętrzna, RAL 7035",19-6050SWKD19-15U-40-DP-W,"54,00","600,00","737,00","550,00"
"Szafa wisząca dwudzielna 19"" 15U, 600x400+150 IP 54, ściany boczne pełne, drzwi pełne, zewnętrzna, RAL 7035",19-6051SWKD19-15U-40-DP-Z,"23,00","600,00","737,00","550,00"
"Szafa wisząca dwudzielna 19"" 15U, 600x400+150 IP 54, ściany boczne pełne, drzwi z szybą, wewnętrzna, RAL 7035",19-6052SWKD19-15U-40-DS-W,"54,00","600,00","737,00","550,00"
"Szafa wisząca dwudzielna 19"" 15U, 600x400+150 IP 54, ściany boczne pełne, drzwi z szybą, zewnętrzna, RAL 7035",19-6053SWKD19-15U-40-DS-Z,"23,00","600,00","737,00","550,00"
"Szafa wisząca dwudzielna 19"" 15U, 600x600+150 IP 54, ściany boczne pełne, drzwi pełne, wewnętrzna, RAL 7035",19-6054SWKD19-15U-60-DP-W,"56,00","600,00","737,00","750,00"
"Szafa wisząca dwudzielna 19"" 15U, 600x600+150  IP 54, ściany boczne pełne, drzwi pełne, zewnętrzna, RAL 7035",19-6055SWKD19-15U-60-DP-Z,"24,00","600,00","737,00","750,00"
"Szafa wisząca dwudzielna 19"" 15U, 600x600+150 IP 54, ściany boczne pełne, drzwi z szybą, wewnętrzna, RAL 7035",19-6056SWKD19-15U-60-DS-W,"56,00","600,00","737,00","750,00"
"Szafa wisząca dwudzielna 19"" 15U, 600x600+150 IP 54, ściany boczne pełne, drzwi z szybą, zewnętrzna, RAL 7035",19-6057SWKD19-15U-60-DS-Z,"24,00","600,00","737,00","750,00"
"Szafa wisząca dwudzielna 19"" 18U, 600x400+150 IP 54, ściany boczne pełne, drzwi pełne, wewnętrzna, RAL 7035",19-6058SWKD19-18U-40-DP-W,"64,00","600,00","870,00","550,00"
"Szafa wisząca dwudzielna 19"" 18U, 600x400+150 IP 54, ściany boczne pełne, drzwi pełne, zewnętrzna, RAL 7035",19-6059SWKD19-18U-40-DP-Z,"29,00","600,00","870,00","550,00"
"Szafa wisząca dwudzielna 19"" 18U, 600x400+150 IP 54, ściany boczne pełne, drzwi z szybą, wewnętrzna, RAL 7035",19-6060SWKD19-18U-40-DS-W,"64,00","600,00","870,00","550,00"
"Szafa wisząca dwudzielna 19"" 18U, 600x400+150 IP 54, ściany boczne pełne, drzwi z szybą, zewnętrzna, RAL 7035",19-6061SWKD19-18U-40-DS-Z,"29,00","600,00","870,00","550,00"
"Szafa wisząca dwudzielna 19"" 18U, 600x600+150 IP 54, ściany boczne pełne, drzwi pełne, wewnętrzna, RAL 7035",19-6062SWKD19-18U-60-DP-W,"66,00","600,00","870,00","750,00"
"Szafa wisząca dwudzielna 19"" 18U, 600x600+150 IP 54, ściany boczne pełne, drzwi pełne, zewnętrzna, RAL 7035",19-6063SWKD19-18U-60-DP-Z,"30,00","600,00","870,00","750,00"
"Szafa wisząca dwudzielna 19"" 18U,600x600+150 IP 54, ściany boczne pełne, drzwi z szybą, wewnętrzna, RAL 7035",19-6064SWKD19-18U-60-DS-W,"66,00","600,00","870,00","750,00"
"Szafa wisząca dwudzielna 19"" 18U, 600x600+150 IP 54, ściany boczne pełne, drzwi z szybą, zewnętrzna, RAL 7035",19-6065SWKD19-18U-60-DS-Z,"30,00","600,00","870,00","750,00"
"Szafa wisząca dwudzielna 19"" 6U, 600x400+150 IP 54, ściany boczne pełne, drzwi pełne, wewnętrzna, RAL 7035",19-6066SWKD19-6U-40-DP-W,"32,00","600,00","335,00","550,00"
"Szafa wisząca dwudzielna 19"" 6U, 600x400+150 IP 54, ściany boczne pełne, drzwi pełne, zewnętrzna, RAL 7035",19-6067SWKD19-6U-40-DP-Z,"11,00","600,00","335,00","550,00"
"Szafa wisząca dwudzielna 19"" 6U, 600x400+150 IP 54, ściany boczne pełne, drzwi z szybą, wewnętrzna, RAL 7035",19-6068SWKD19-6U-40-DS-W,"32,00","600,00","335,00","550,00"
"Szafa wisząca dwudzielna 19"" 6U, 600x400+150 IP 54, ściany boczne pełne, drzwi z szybą, zewnętrzna, RAL 7035",19-6069SWKD19-6U-40-DS-Z,"11,00","600,00","335,00","550,00"
"Szafa wisząca dwudzielna 19"" 6U, 600x600+150 IP 54, ściany boczne pełne, drzwi pełne, wewnętrzna, RAL 7035",19-6070SWKD19-6U-60-DP-W,"35,00","600,00","335,00","750,00"
"Szafa wisząca dwudzielna 19"" 6U, 600x600+150 IP 54, ściany boczne pełne, drzwi pełne, zewnętrzna, RAL 7035",19-6071SWKD19-6U-60-DP-Z,"13,00","600,00","335,00","750,00"
"Szafa wisząca dwudzielna 19"" 6U, 600x600+150 IP 54, ściany boczne pełne, drzwi z szybą, wewnętrzna, RAL 7035",19-6072SWKD19-6U-60-DS-W,"35,00","600,00","335,00","750,00"
"Szafa wisząca dwudzielna 19"" 6U, 600x600+150 IP 54, ściany boczne pełne, drzwi z szybą, zewnętrzna, RAL 7035",19-6073SWKD19-6U-60-DS-Z,"13,00","600,00","335,00","750,00"
"Szafa wisząca dwudzielna 19"" 9U, 600x400+150 IP 54, ściany boczne pełne, drzwi pełne, wewnętrzna, RAL 7035",19-6074SWKD19-9U-40-DP-W,"0,00","600,00","470,00","550,00"
"Szafa wisząca dwudzielna 19"" 9U, 600x400+150 IP 54, ściany boczne pełne, drzwi pełne, zewnętrzna, RAL 7035",19-6075SWKD19-9U-40-DP-Z,"14,00","600,00","470,00","550,00"
"Szafa wisząca dwudzielna 19"" 9U, 600x400+150 IP 54, ściany boczne pełne, drzwi z szybą, wewnętrzna, RAL 7035",19-6076SWKD19-9U-40-DS-W,"0,00","600,00","470,00","550,00"
"Szafa wisząca dwudzielna 19"" 9U, 600x400+150 IP 54, ściany boczne pełne, drzwi z szybą, zewnętrzna, RAL 7035",19-6077SWKD19-9U-40-DS-Z,"14,00","600,00","470,00","550,00"
"Szafa wisząca dwudzielna 19"" 9U, 600x600+150 IP 54, ściany boczne pełne, drzwi pełne, wewnętrzna, RAL 7035",19-6078SWKD19-9U-60-DP-W,"0,00","600,00","470,00","750,00"
"Szafa wisząca dwudzielna 19"" 9U, 600x600+150 IP 54, ściany boczne pełne, drzwi pełne, zewnętrzna, RAL 7035",19-6079SWKD19-9U-60-DP-Z,"15,00","600,00","470,00","750,00"
"Szafa wisząca dwudzielna 19"" 9U, 600x600+150 IP 54, ściany boczne pełne, drzwi z szybą, wewnętrzna, RAL 7035",19-6080SWKD19-9U-60-DS-W,"0,00","600,00","470,00","750,00"
"Szafa wisząca dwudzielna 19"" 9U, 600x600+150 IP 54, ściany boczne pełne, drzwi z szybą, zewnętrzna, RAL 7035",19-6081SWKD19-9U-60-DS-Z,"15,00","600,00","470,00","750,00"
"Szafa wisząca 10"" 4Ux310x300 mm IP 30, drzwi pełne, RAL 9005",19-7000SZW-10-4U-30-DP-C,"5,00","310,00","265,00","300,00"
"Szafa wisząca 10"" 4Ux310x300 mm IP 30, drzwi pełne, RAL 7035",19-7001SZW-10-4U-30-DP-S,"5,00","310,00","265,00","300,00"
"Szafa wisząca 10"" 4Ux310x300 mm IP 30, drzwi z szybą, RAL 9005",19-7002SZW-10-4U-30-DS-C,"5,00","310,00","265,00","300,00"
"Szafa wisząca 10"" 4Ux310x300 mm IP 30, drzwi z szybą, RAL 7035",19-7003SZW-10-4U-30-DS-S,"5,00","310,00","265,00","300,00"
"Szafa wisząca 10"" 6Ux310x300 mm IP 30, drzwi pełne, RAL 9005",19-7004SZW-10-6U-30-DP-C,"6,00","310,00","355,00","300,00"
"Szafa wisząca 10"" 6Ux310x300 mm IP 30, drzwi pełne, RAL 7035",19-7005SZW-10-6U-30-DP-S,"6,00","310,00","355,00","300,00"
"Szafa wisząca 10"" 6Ux310x300 mm IP 30, drzwi z szybą, RAL 9005",19-7006SZW-10-6U-30-DS-C,"6,00","310,00","355,00","300,00"
"Szafa wisząca 10"" 6Ux310x300 mm IP 30, drzwi z szybą, RAL 7035",19-7007SZW-10-6U-30-DS-S,"6,00","310,00","355,00","300,00"
"Szafa wisząca 10"" 9Ux310x300 mm IP 30, drzwi pełne, RAL 7035",19-7008SZW-10-9U-30-DP-B,"7,00","310,00","490,00","300,00"
"Szafa wisząca 10"" 9Ux310x300 mm IP 30, drzwi z szybą, RAL 9005",19-7010SZW-10-9U-30-DS-C,"7,00","310,00","490,00","300,00"
"Szafa wisząca 10"" 9Ux310x300 mm IP 30, drzwi z szybą, RAL 7035",19-7011SZW-10-9U-30-DS-S,"7,00","310,00","490,00","300,00"
"Szafa stojąca pyłoszczelna IP 54 24Ux600x1000 osłona pełna, boki zdejmowane, drzwi pełne Ral 7035",19-9000WR19-24U-610-DP-S,"101,00","600,00","1 240,00","1 050,00"
"Szafa stojąca pyłoszczelna IP 54 24Ux600x1000, osłona pełna, boki zdejmowane, drzwi szyba Ral 7035",19-9001WR19-24U-610-DS-S,"106,00","600,00","1 240,00","1 050,00"
"Szafa stojąca pyłoszczelna IP 54 24Ux600x600 osłona pełna, boki zdejmowane, drzwi pełne Ral 7035",19-9002WR19-24U-66-DP-S,"79,00","600,00","1 240,00","650,00"
"Szafa stojąca pyłoszczelna IP 54 24Ux600x600 osłona pełna, boki zdejmowane, drzwi szyba Ral 7035",19-9003WR19-24U-66-DS-S,"83,00","600,00","1 240,00","650,00"
"Szafa stojąca pyłoszczelna IP 54 24Ux600x800 osłona pełna, boki zdejmowane, drzwi pełne  Ral 7035",19-9004WR19-24U-68-DP-S,"88,00","600,00","1 240,00","850,00"
"Szafa stojąca pyłoszczelna IP 54 24Ux600x800 osłona pełna, boki zdejmowane, drzwi szyba Ral 7035",19-9005WR19-24U-68-DS-S,"92,00","600,00","1 240,00","850,00"
"Szafa stojąca pyłoszczelna IP 54 24Ux800x1000 osłona pełna, boki zdejmowane, drzwi pełne Ral 7035",19-9006WR19-24U-810-DP-S,"116,00","800,00","1 240,00","1 050,00"
"Szafa stojąca pyłoszczelna IP 54 24Ux800x1000 osłona pełna, boki zdejmowane, drzwi szyba Ral 7035",19-9007WR19-24U-810-DS-S,"122,00","800,00","1 240,00","1 050,00"
"Szafa stojąca pyłoszczelna IP 54 24Ux800x600 osłona pełna, boki zdejmowane, drzwi pełne Ral 7035",19-9008WR19-24U-86-DP-C,"90,00","800,00","1 240,00","650,00"
"Szafa stojąca pyłoszczelna IP 54 24Ux800x600 osłona pełna, boki zdejmowane, drzwi szyba Ral 7035",19-9009WR19-24U-86-DS-S,"94,00","800,00","1 240,00","650,00"
"Szafa stojąca pyłoszczelna IP 54 24Ux800x800 osłona pełna, boki zdejmowane, drzwi pełne Ral 7035",19-9010WR19-24U-88-DP-S,"103,00","800,00","1 240,00","850,00"
"Szafa stojąca pyłoszczelna IP 54 24Ux800x800 osłona pełna, boki zdejmowane, drzwi szyba Ral 7035",19-9011WR19-24U-88-DS-S,"109,00","800,00","1 240,00","850,00"
"Szafa stojąca pyłoszczelna IP 54 32Ux600x1000 osłona pełna, boki zdejmowane, drzwi pełne Ral 7035",19-9012WR19-32U-610-DP-S,"121,00","600,00","1 596,00","1 050,00"
"Szafa stojąca pyłoszczelna IP 54 32Ux600x1000 osłona pełna, boki zdejmowane, drzwi szyba Ral 7035",19-9013WR19-32U-610-DS-S,"127,00","600,00","1 596,00","1 050,00"
"Szafa stojąca pyłoszczelna IP 54 32Ux600x600 osłona pełna, boki zdejmowane, drzwi pełne Ral 7035",19-9014WR19-32U-66-DP-S,"95,00","600,00","1 596,00","650,00"
"Szafa stojąca pyłoszczelna IP 54 32Ux600x600 osłona pełna, boki zdejmowane, drzwi szyba Ral 7035",19-9015WR19-32U-66-DS-S,"100,00","600,00","1 596,00","650,00"
"Szafa stojąca pyłoszczelna IP 54 32Ux600x800 osłona pełna, boki zdejmowane, drzwi pełne Ral 7035",19-9016WR19-32U-68-DP-S,"104,00","600,00","1 596,00","850,00"
"Szafa stojąca pyłoszczelna IP 54 32Ux600x800 osłona pełna, boki zdejmowane, drzwi szyba Ral 7035",19-9017WR19-32U-68-DS-S,"110,00","600,00","1 596,00","850,00"
"Szafa stojąca pyłoszczelna IP 54 32Ux800x1000 osłona pełna, boki zdejmowane, drzwi pełne Ral 7035",19-9018WR19-32U-810-DP-S,"137,00","800,00","1 596,00","1 050,00"
"Szafa stojąca pyłoszczelna IP 54 32Ux800x1000 osłona pełna, boki zdejmowane, drzwi szyba Ral 7035",19-9019WR19-32U-810-DS-S,"144,00","800,00","1 596,00","1 050,00"
"Szafa stojąca pyłoszczelna IP 54 32Ux800x600 osłona pełna, boki zdejmowane, drzwi pełne Ral 7035",19-9020WR19-32U-86-DP-S,"108,00","800,00","1 596,00","650,00"
"Szafa stojąca pyłoszczelna IP 54 32Ux800x600 osłona pełna, boki zdejmowane, drzwi szyba Ral 7035",19-9021WR19-32U-86-DS-S,"122,00","800,00","1 596,00","650,00"
"Szafa stojąca pyłoszczelna IP 54 32Ux800x800 osłona pełna, boki zdejmowane, drzwi pełne Ral 7035",19-9022WR19-32U-88-DP-S,"128,00","800,00","1 596,00","850,00"
"Szafa stojąca pyłoszczelna IP 54 32Ux800x800 osłona pełna, boki zdejmowane, drzwi szyba Ral 7035",19-9023WR19-32U-88-DS-S,"128,00","800,00","1 596,00","850,00"
"Szafa stojąca pyłoszczelna IP 54 42Ux 600x1000 osłona pełna, boki zdejmowane, drzwi pełne Ral 7035",19-9024WR19-42U-610-DP-S,"141,00","600,00","2 040,00","1 050,00"
"Szafa stojąca pyłoszczelna IP 54 42Ux 600x1000 osłona pełna, boki zdejmowane, drzwi szyba Ral 7035",19-9025WR19-42U-610-DS-S,"148,00","600,00","2 040,00","1 050,00"
"Szafa stojąca pyłoszczelna IP 54 42Ux 600x600 osłona pełna, boki zdejmowane, drzwi pełne Ral 7035",19-9026WR19-42U-66-DS-S,"116,00","600,00","2 040,00","650,00"
"Szafa stojąca pyłoszczelna IP 54 42Ux 600x600 osłona pełna, boki zdejmowane, drzwi szyba Ral 7035",19-9027WR19-42U-66-DS-S,"116,00","600,00","2 040,00","650,00"
"Szafa stojąca pyłoszczelna IP 54 42Ux 600x800 osłona pełna, boki zdejmowane, drzwi pełne Ral 7035",19-9028WR19-42U-68-DP-S,"121,00","600,00","2 040,00","850,00"
"Szafa stojąca pyłoszczelna IP 54 42Ux 600x800 osłona pełna, boki zdejmowane, drzwi szyba Ral 7035",19-9029WR19-42U-68-DS-S,"127,00","600,00","2 040,00","850,00"
"Szafa stojąca pyłoszczelna IP 54 42Ux 800x1000 osłona pełna, boki zdejmowane, drzwi pełne Ral 7035",19-9030WR19-42U-810-DP-S,"158,00","800,00","2 040,00","1 050,00"
"Szafa stojąca pyłoszczelna IP 54 42Ux 800x1000 osłona pełna, boki zdejmowane, drzwi szyba Ral 7035",19-9031WR19-42U-810-DS-S,"166,00","800,00","2 040,00","1 050,00"
"Szafa stojąca pyłoszczelna IP 54 42Ux 800x1200 osłona pełna, boki zdejmowane, drzwi pełne Ral 7035",19-0037WR19-42U-812-DP-S,"176,00","800,00","2 040,00","1 250,00"
"Szafa stojąca pyłoszczelna IP 54 42Ux 800x1200 osłona pełna, boki zdejmowane, drzwi szyba Ral 7035",19-9036WR19-42U-812-DS-S,"183,00","800,00","2 040,00","1 250,00"
"Szafa stojąca pyłoszczelna IP 54 42Ux 800x600 osłona pełna, boki zdejmowane, drzwi pełne Ral 7035",19-9032WR19-42U-86-DP-S,"125,00","800,00","2 040,00","650,00"
"Szafa stojąca pyłoszczelna IP 54 42Ux 800x600 osłona pełna, boki zdejmowane, drzwi szyba Ral 7035",19-9033WR19-42U-86-DS-S,"132,00","800,00","2 040,00","650,00"
"Szafa stojąca pyłoszczelna IP 54 42Ux 800x800 osłona pełna, boki zdejmowane, drzwi pełne Ral 7035",19-9034WR19-42U-88-DP-S,"141,00","800,00","2 040,00","850,00"
"Szafa stojąca pyłoszczelna IP 54 42Ux 800x800 osłona pełna, boki zdejmowane, drzwi szyba Ral 7035",19-9035WR19-42U-88-DS-S,"148,00","800,00","2 040,00","850,00"